<?xml version="1.0" encoding="UTF-8"?>
<GenRun Id="impl_1" LaunchPart="xc7z007sclg225-1" LaunchTime="1650583955">
  <File Type="ROUTE-PWR" Name="PWM_power_routed.rpt"/>
  <File Type="PA-TCL" Name="PWM.tcl"/>
  <File Type="ROUTE-PWR-SUM" Name="PWM_power_summary_routed.pb"/>
  <File Type="REPORTS-TCL" Name="PWM_reports.tcl"/>
  <File Type="BITSTR-MSK" Name="PWM.msk"/>
  <File Type="ROUTE-CLK" Name="PWM_clock_utilization_routed.rpt"/>
  <File Type="RDI-RDI" Name="PWM.vdi"/>
  <File Type="BG-BIT" Name="PWM.bit"/>
  <File Type="BG-DRC" Name="PWM.drc"/>
  <File Type="BG-BGN" Name="PWM.bgn"/>
  <File Type="BG-BIN" Name="PWM.bin"/>
  <File Type="BITSTR-RBT" Name="PWM.rbt"/>
  <File Type="BITSTR-NKY" Name="PWM.nky"/>
  <File Type="BITSTR-BMM" Name="PWM_bd.bmm"/>
  <File Type="ROUTE-METHODOLOGY-DRC" Name="PWM_methodology_drc_routed.rpt"/>
  <File Type="BITSTR-MMI" Name="PWM.mmi"/>
  <File Type="BITSTR-SYSDEF" Name="PWM.sysdef"/>
  <File Type="BITSTR-LTX" Name="debug_nets.ltx"/>
  <File Type="BITSTR-LTX" Name="PWM.ltx"/>
  <File Type="WBT-USG" Name="usage_statistics_webtalk.html"/>
  <File Type="OPT-DRC" Name="PWM_drc_opted.rpt"/>
  <File Type="OPT-HWDEF" Name="PWM.hwdef"/>
  <File Type="PLACE-IO" Name="PWM_io_placed.rpt"/>
  <File Type="PLACE-UTIL" Name="PWM_utilization_placed.rpt"/>
  <File Type="PLACE-UTIL-PB" Name="PWM_utilization_placed.pb"/>
  <File Type="PLACE-CTRL" Name="PWM_control_sets_placed.rpt"/>
  <File Type="PLACE-PRE-SIMILARITY" Name="PWM_incremental_reuse_pre_placed.rpt"/>
  <File Type="ROUTE-DRC" Name="PWM_drc_routed.rpt"/>
  <File Type="ROUTE-DRC-PB" Name="PWM_drc_routed.pb"/>
  <File Type="ROUTE-PWR-RPX" Name="PWM_power_routed.rpx"/>
  <File Type="ROUTE-STATUS" Name="PWM_route_status.rpt"/>
  <File Type="ROUTE-STATUS-PB" Name="PWM_route_status.pb"/>
  <File Type="ROUTE-DCP" Name="PWM_routed.dcp"/>
  <File Type="ROUTE-ERROR-DCP" Name="PWM_routed_error.dcp"/>
  <File Type="ROUTE-BLACKBOX-DCP" Name="PWM_routed_bb.dcp"/>
  <File Type="ROUTE-TIMINGSUMMARY" Name="PWM_timing_summary_routed.rpt"/>
  <File Type="ROUTE-TIMING-PB" Name="PWM_timing_summary_routed.pb"/>
  <File Type="ROUTE-TIMING-RPX" Name="PWM_timing_summary_routed.rpx"/>
  <File Type="ROUTE-BUS-SKEW" Name="PWM_bus_skew_routed.rpt"/>
  <File Type="ROUTE-BUS-SKEW-PB" Name="PWM_bus_skew_routed.pb"/>
  <File Type="ROUTE-BUS-SKEW-RPX" Name="PWM_bus_skew_routed.rpx"/>
  <File Type="OPT-DCP" Name="PWM_opt.dcp"/>
  <File Type="PLACE-DCP" Name="PWM_placed.dcp"/>
  <File Type="PWROPT-DCP" Name="PWM_pwropt.dcp"/>
  <File Type="POSTPLACE-PWROPT-DCP" Name="PWM_postplace_pwropt.dcp"/>
  <File Type="PHYSOPT-DCP" Name="PWM_physopt.dcp"/>
  <File Type="POSTROUTE-PHYSOPT-DCP" Name="PWM_postroute_physopt.dcp"/>
  <File Type="POSTROUTE-PHYSOPT-BLACKBOX-DCP" Name="PWM_postroute_physopt_bb.dcp"/>
  <File Type="ROUTE-METHODOLOGY-DRC-PB" Name="PWM_methodology_drc_routed.pb"/>
  <File Type="ROUTE-DRC-RPX" Name="PWM_drc_routed.rpx"/>
  <File Type="ROUTE-METHODOLOGY-DRC-RPX" Name="PWM_methodology_drc_routed.rpx"/>
  <File Type="PDI-FILE" Name="PWM.pdi"/>
  <File Type="RCFI_FILE" Name="PWM.rcfi"/>
  <File Type="CFI_FILE" Name="PWM.cfi"/>
  <File Type="RNPI_FILE" Name="PWM.rnpi"/>
  <File Type="NPI_FILE" Name="PWM.npi"/>
  <File Type="RBD_FILE" Name="PWM.rbd"/>
  <FileSet Name="sources" Type="DesignSrcs" RelSrcDir="$PSRCDIR/sources_1" RelGenDir="$PGENDIR/sources_1">
    <Filter Type="Srcs"/>
    <File Path="$PSRCDIR/sources_1/new/SinLUT.v">
      <FileInfo>
        <Attr Name="ImportPath" Val="$PPRDIR/../../../../../../../../Sin_PWM_MiniZed/Sin_PWM_MiniZed.srcs/sources_1/new/SinLUT.v"/>
        <Attr Name="ImportTime" Val="1650582249"/>
        <Attr Name="UsedIn" Val="synthesis"/>
        <Attr Name="UsedIn" Val="implementation"/>
        <Attr Name="UsedIn" Val="simulation"/>
      </FileInfo>
    </File>
    <File Path="$PSRCDIR/sources_1/new/PWM.v">
      <FileInfo>
        <Attr Name="ImportPath" Val="$PPRDIR/../../../../../../../../Sin_PWM_MiniZed/Sin_PWM_MiniZed.srcs/sources_1/new/PWM.v"/>
        <Attr Name="ImportTime" Val="1650584166"/>
        <Attr Name="UsedIn" Val="synthesis"/>
        <Attr Name="UsedIn" Val="implementation"/>
        <Attr Name="UsedIn" Val="simulation"/>
      </FileInfo>
    </File>
    <File Path="$PSRCDIR/sources_1/imports/Downloads/READMESinPWM.txt">
      <FileInfo>
        <Attr Name="ImportPath" Val="$PPRDIR/../../../../../../../../Downloads/READMESinPWM.txt"/>
        <Attr Name="ImportTime" Val="1650513129"/>
      </FileInfo>
    </File>
    <File Path="$PSRCDIR/sources_1/bd/PWM/PWM.bd">
      <FileInfo>
        <Attr Name="AutoDisabled" Val="1"/>
        <Attr Name="ImportPath" Val="$PPRDIR/../../../../../../../../Sin_PWM_MiniZed/Sin_PWM_MiniZed.srcs/sources_1/bd/PWM/PWM.bd"/>
        <Attr Name="ImportTime" Val="1650584352"/>
        <Attr Name="UsedIn" Val="synthesis"/>
        <Attr Name="UsedIn" Val="implementation"/>
        <Attr Name="UsedIn" Val="simulation"/>
      </FileInfo>
    </File>
    <Config>
      <Option Name="DesignMode" Val="RTL"/>
      <Option Name="TopModule" Val="PWM"/>
      <Option Name="TopLib" Val="xil_defaultlib"/>
      <Option Name="TopRTLFile" Val="$PSRCDIR/sources_1/new/PWM.v"/>
      <Option Name="TopAutoSet" Val="TRUE"/>
    </Config>
  </FileSet>
  <FileSet Name="constrs_in" Type="Constrs" RelSrcDir="$PSRCDIR/constrs_1">
    <Filter Type="Constrs"/>
    <Config>
      <Option Name="ConstrsType" Val="XDC"/>
    </Config>
  </FileSet>
  <FileSet Name="utils" Type="Utils" RelSrcDir="$PSRCDIR/utils_1">
    <Filter Type="Utils"/>
    <Config>
      <Option Name="TopAutoSet" Val="TRUE"/>
    </Config>
  </FileSet>
  <Strategy Version="1" Minor="2">
    <StratHandle Name="Vivado Implementation Defaults" Flow="Vivado Implementation 2020"/>
    <Step Id="init_design"/>
    <Step Id="opt_design"/>
    <Step Id="power_opt_design"/>
    <Step Id="place_design"/>
    <Step Id="post_place_power_opt_design"/>
    <Step Id="phys_opt_design"/>
    <Step Id="route_design"/>
    <Step Id="post_route_phys_opt_design"/>
    <Step Id="write_bitstream"/>
    <Step Id="write_device_image"/>
  </Strategy>
</GenRun>
